{
    "block1_conv1": 1.6775131225585938, 
    "block1_conv1_batchnorm": 1.5490055084228516, 
    "block1_conv1_ReLU": 1.407623291015625, 
    "block1_conv2": 4.0283203125, 
    "block1_conv2_batchnorm": 1.544952392578125, 
    "block1_conv2_ReLU": 0.9076595306396484, 
    "block1_MaxPool": 0.9052753448486328, 
    "block2_conv1": 1.7621517181396484, 
    "block2_conv1_batchnorm": 0.843048095703125,
    "block2_conv1_ReLU": 0.48828125, 
    "block2_conv2": 2.4590492248535156, 
    "block2_conv2_batchnorm": 0.8375644683837891, 
    "block2_conv2_ReLU": 0.48923492431640625, 
    "block2_MaxPool": 0.46634674072265625, 
    "block3_conv1": 1.2927055358886719, 
    "block3_conv1_batchnorm": 0.5252361297607422, 
    "block3_conv1_ReLU": 0.27489662170410156, 
    "block3_conv2": 1.9462108612060547, 
    "block3_conv2_batchnorm": 0.5178451538085938, 
    "block3_conv2_ReLU": 0.2734661102294922, 
    "block3_conv3": 1.924276351928711, 
    "block3_conv3_batchnorm": 0.5180835723876953, 
    "block3_conv3_ReLU": 0.27441978454589844, 
    "block3_MaxPool": 0.27561187744140625, 
    "block4_conv1": 1.1179447174072266, 
    "block4_conv1_batchnorm": 0.34427642822265625, 
    "block4_conv1_ReLU": 0.1697540283203125, 
    "block4_conv2": 1.7826557159423828, 
    "block4_conv2_batchnorm": 0.3447532653808594, 
    "block4_conv2_ReLU": 0.16808509826660156, 
    "block4_conv3": 1.7788410186767578, 
    "block4_conv3_batchnorm": 0.3478527069091797, 
    "block4_conv3_ReLU": 0.16927719116210938, 
    "block4_MaxPool": 0.179290771484375, 
    "block5_conv1": 0.7023811340332031, 
    "block5_conv1_batchnorm": 0.16498565673828125, 
    "block5_conv1_ReLU": 0.06437301635742188, 
    "block5_conv2": 0.5855560302734375, 
    "block5_conv2_batchnorm": 0.13399124145507812, 
    "block5_conv2_ReLU": 0.05817413330078125, 
    "block5_conv3": 0.6055831909179688, 
    "block5_conv3_batchnorm": 0.15974044799804688, 
    "block5_conv3_ReLU": 0.06365776062011719, 
    "block5_MaxPool": 0.08440017700195312, 
    "AvgPool": 0.11658668518066406, 
    "flatten": 0.041484832763671875, 
    "fc1": 1.1196136474609375, 
    "fc1_ReLU": 0.05626678466796875, 
    "fc1_Dropout": 0.08416175842285156, 
    "fc2": 0.2613067626953125, 
    "fc2_ReLU": 0.06222724914550781, 
    "fc2_Dropout": 0.06747245788574219, 
    "prediction": 0.1385211944580078
}