{
    "block1_conv1": 40.41290283203125,
    "block1_conv1_batchnorm": 2.427339553833008, 
    "block1_conv1_ReLU": 1.4927387237548828, 
    "block1_conv2": 7.869958877563477, 
    "block1_conv2_batchnorm": 2.4263858795166016, 
    "block1_conv2_ReLU": 1.5125274658203125, 
    "block1_MaxPool": 1.7213821411132812, 
    "block2_conv1": 3.510713577270508, 
    "block2_conv1_batchnorm": 1.2936592102050781, 
    "block2_conv1_ReLU": 0.8327960968017578, 
    "block2_conv2": 5.032777786254883, 
    "block2_conv2_batchnorm": 1.3124942779541016, 
    "block2_conv2_ReLU": 0.8363723754882812, 
    "block2_MaxPool": 0.9450912475585938, 
    "block3_conv1": 2.534627914428711, 
    "block3_conv1_batchnorm": 0.7827281951904297, 
    "block3_conv1_ReLU": 0.5125999450683594, 
    "block3_conv2": 3.8080215454101562, 
    "block3_conv2_batchnorm": 0.7884502410888672, 
    "block3_conv2_ReLU": 0.5135536193847656, 
    "block3_conv3": 3.8127899169921875, 
    "block3_conv3_batchnorm": 0.7801055908203125, 
    "block3_conv3_ReLU": 0.5178451538085938, 
    "block3_MaxPool": 0.5445480346679688, 
    "block4_conv1": 2.050638198852539, 
    "block4_conv1_batchnorm": 0.5023479461669922, 
    "block4_conv1_ReLU": 0.35452842712402344, 
    "block4_conv2": 3.3156871795654297, 
    "block4_conv2_batchnorm": 0.5059242248535156, 
    "block4_conv2_ReLU": 0.35500526428222656, 
    "block4_conv3": 3.3180713653564453, 
    "block4_conv3_batchnorm": 0.5068778991699219, 
    "block4_conv3_ReLU": 0.3590583801269531, 
    "block4_MaxPool": 0.3371238708496094, 
    "block5_conv1": 1.1906623840332031, 
    "block5_conv1_batchnorm": 0.28061866760253906, 
    "block5_conv1_ReLU": 0.1933574676513672, 
    "block5_conv2": 1.1761188507080078, 
    "block5_conv2_batchnorm": 0.27251243591308594, 
    "block5_conv2_ReLU": 0.202178955078125, 
    "block5_conv3": 1.186370849609375, 
    "block5_conv3_batchnorm": 0.28133392333984375, 
    "block5_conv3_ReLU": 0.19311904907226562, 
    "block5_MaxPool": 0.18858909606933594, 
    "AvgPool": 0.21791458129882812, 
    "flatten": 0.133514404296875, 
    "fc1": 4.428625106811523, 
    "fc1_ReLU": 0.18024444580078125, 
    "fc1_Dropout": 0.18906593322753906, 
    "fc2": 0.8983612060546875, 
    "fc2_ReLU": 0.18739700317382812, 
    "fc2_Dropout": 0.19073486328125, 
    "prediction": 0.4470348358154297
}